1,AACGTGAT,NBH_20wpi_1
2,ACAAGCTA,RML_20wpi_5
3,CTGTAGCC,RML_14wpi_2
4,AGTACAAG,RML_14wpi_4
5,AAACATCG,NBH_18wpi_2
6,ATGCCTAA,NBH_20wpi_2
7,AGTGGTCA,NBH_14wpi_1
8,ACCACTGT,NBH_14wpi_3
9,ACATTGGC,RML_18wpi_2
10,CAGATCTG,RML_20wpi_1
11,CATCAAGT,RML_20wpi_3
12,CGCTGATC,RML_18wpi_4
13,AACAACCA,NBH_20wpi_1
14,ACGTATCA,RML_20wpi_5
15,ACTATGCA,RML_14wpi_2
16,AGAGTCAA,RML_14wpi_4
17,AACCGAGA,NBH_18wpi_2
18,AACGCTTA,NBH_20wpi_2
19,AAGACGGA,NBH_14wpi_1
20,AAGGTACA,NBH_14wpi_3
21,ACACAGAA,RML_18wpi_2
22,ACAGCAGA,RML_20wpi_1
23,ACCTCCAA,RML_20wpi_3
24,ACGCTCGA,RML_18wpi_4
25,AGATCGCA,NBH_18wpi_1
26,CAGCGTTA,RML_14wpi_1
27,CATACCAA,RML_14wpi_3
28,CCAGTTCA,RML_14wpi_5
29,AGCAGGAA,NBH_18wpi_3
30,AGTCACTA,NBH_20wpi_3
31,ATCCTGTA,NBH_14wpi_2
32,ATTGAGGA,RML_18wpi_1
33,CAACCACA,RML_18wpi_3
34,GACTAGTA,RML_20wpi_2
35,CAATGGAA,RML_20wpi_4
36,CACTTCGA,RML_18wpi_5
37,CCGAAGTA,NBH_18wpi_1
38,GAATCTGA,RML_14wpi_1
39,CAAGACTA,RML_14wpi_3
40,GAGCTGAA,RML_14wpi_5
41,CCGTGAGA,NBH_18wpi_3
42,CCTCCTGA,NBH_20wpi_3
43,CGAACTTA,NBH_14wpi_2
44,CGACTGGA,RML_18wpi_1
45,CGCATACA,RML_18wpi_3
46,CTCAATGA,RML_20wpi_2
47,CTGAGCCA,RML_20wpi_4
48,CTGGCATA,RML_18wpi_5
